question_id,type,stem,explanation,tags,subject,difficulty,source,answer,choice1,choice2,choice3,choice4,correct_answer
sample_01,MCQ,2025년 9월 1일부터 적용되는 예금자보호법상 1인당(금융회사별) 예금 보호한도는?,예금자보호 한도는 2025년 9월 1일부터 원금과 소정의 이자를 합쳐 1인당 금융회사별 1억원으로 올랐습니다. (이전: 5천만원),예금자보호,수신,1,샘플 문제,,3천만원,5천만원,1억원,2억원,3
sample_02,OX,양도성예금증서(CD)는 예금자보호법에 따른 보호 대상이다.,"양도성예금증서(CD)는 예금자보호 대상이 아닙니다. 보통예금, 정기예금, 적금 등이 보호 대상입니다.",예금자보호,수신,2,샘플 문제,X,,,,,
sample_03,OX,금융소득종합과세는 연간 이자·배당소득 합계액이 2천만원을 초과하는 경우에 적용된다.,"연간 금융소득(이자+배당)이 2천만원을 넘으면, 넘는 부분은 다른 종합소득과 합산해 누진세율로 과세됩니다.",금융소득종합과세,수신,2,샘플 문제,O,,,,,
sample_04,MCQ,다음 중 DSR의 의미로 옳은 것은?,"DSR(Debt Service Ratio)은 총부채원리금상환비율로, 연소득 대비 모든 대출의 연간 원리금 상환액 비율입니다. DTI는 총부채상환비율, LTV는 주택담보대출비율입니다.",대출규제,개인여신,1,샘플 문제,,총부채상환비율,총부채원리금상환비율,주택담보대출비율,예대율,2
sample_05,OX,LTV(주택담보대출비율)는 담보로 잡는 주택의 가격 대비 대출금액의 비율을 뜻한다.,LTV(Loan To Value)는 주택 담보가치 대비 대출금액의 비율입니다.,대출규제,개인여신,1,샘플 문제,O,,,,,
sample_06,MCQ,다음 중 기업의 단기 지급능력(유동성)을 판단하는 데 가장 적합한 재무비율은?,유동비율(유동자산 ÷ 유동부채 × 100)은 1년 안에 갚아야 할 부채를 1년 안에 현금화할 수 있는 자산으로 얼마나 감당할 수 있는지 보여주는 대표적인 유동성 지표입니다.,재무분석,기업여신,2,샘플 문제,,유동비율,부채비율,매출액영업이익률,총자산회전율,1
sample_07,OX,부채비율(부채총계 ÷ 자기자본 × 100)은 일반적으로 낮을수록 재무구조가 안정적인 것으로 본다.,부채비율이 낮을수록 타인자본 의존도가 낮아 재무안정성이 높은 것으로 평가합니다.,재무분석,기업여신,1,샘플 문제,O,,,,,
sample_08,OX,은행에서 판매한 펀드(집합투자증권)는 예금자보호법에 따라 보호된다.,"펀드는 실적배당 상품으로 원금 손실이 발생할 수 있으며, 은행에서 판매했더라도 예금자보호 대상이 아닙니다.",펀드 기초,집합투자,1,샘플 문제,X,,,,,
sample_09,MCQ,다음 중 거래소에 상장되어 주식처럼 실시간으로 사고팔 수 있는 펀드는?,ETF(상장지수펀드)는 특정 지수를 따라가도록 운용되며 거래소에 상장되어 주식처럼 매매할 수 있습니다.,펀드 종류,집합투자,1,샘플 문제,,ETF,ELS,MMF,사모펀드,1
sample_10,OX,신용카드 단기카드대출(현금서비스)은 이용한 날부터 이자(수수료)가 붙는다.,현금서비스는 이용일부터 결제일까지의 기간에 대해 수수료가 붙습니다. 일시불 물품 결제처럼 무이자 기간이 없습니다.,카드대출,신용카드,2,샘플 문제,O,,,,,
sample_11,MCQ,고객이 해외로 돈을 보내는 당발송금을 할 때 적용하는 환율은?,당발송금은 은행이 고객에게 외화를 파는 거래이므로 전신환 매도율을 적용합니다. 반대로 타발송금(해외에서 들어온 돈)은 전신환 매입율을 적용합니다.,환율의 구조,외환,1,샘플 문제,,전신환 매입율,전신환 매도율,현찰 매입율,현찰 매도율,2
sample_12,OX,고객에게 외국통화(현찰)를 팔 때는 현찰 매도율을 적용한다.,은행이 고객에게 외화 현찰을 파는 거래이므로 현찰 매도율을 적용합니다.,환율의 구조,외환,1,샘플 문제,O,,,,,
